Workbook

Sheet Demographics
B1: Employee Name | F1: Social Security ID | I1: Birthday | L1: Employment
A2: employeeID | B2: firstName | C2: last Name | D2: Position | E2: hrRate | F2: firstThree | G2: middleTwo | H2: lastFour | I2: Month | J2: Day | K2: Year | L2: StartMonth | M2: StartDay | N2: StartYear | O2: EndMonth | P2: EndDay | Q2: EndYear | R2: SEX | S2: Race | T2: Citizen Status | U2: Marital Status | V2: Dependents
A3: C0101 | B3: Terry | C3: Baker | D3: Sr. SoftwareEngineer | E3: 48 | F3: 307 | G3: 12 | H3: 1234 | R3: F | S3: AfricanAmerican | T3: U.S Citizen | U3: S | V3: 3
A4: C0105 | B4: Sue | C4: Cox | D4: HR Manager | E4: 25 | F4: 317 | G4: 17 | H4: 3024 | R4: F | S4: Caucasian | T4: U.S Citizen | U4: M | V4: 4
A5: C0109 | B5: Dick | C5: Jones | D5: Test Engineer | E5: 37.5 | F5: 327 | G5: 22 | H5: 3184 | R5: M | S5: Caucasian | T5: U.S Citizen | U5: M | V5: 2
A6: C0108 | B6: Phillip | C6: Moore | D6: Engineering Manager | E6: 60 | F6: 337 | G6: 27 | H6: 4295 | R6: M | S6: AfricanAmerican | T6: U.S Citizen | U6: M | V6: 1
A7: C0102 | B7: Melissa | C7: Neemah | D7: Software Engineer | E7: 42 | F7: 347 | G7: 32 | H7: 6743 | R7: F | S7: Caucasian | T7: U.S Citizen | U7: M | V7: 8
A8: C0103 | B8: David | C8: Rocheleau | D8: Electronic Technician | E8: 22.5 | F8: 357 | G8: 37 | H8: 5634 | R8: M | S8: Caucasian | T8: H1 Visa | U8: M | V8: 4
A9: C0107 | B9: Hector | C9: Rodrigues | D9: Quality Engineer | E9: 39.75 | F9: 367 | G9: 42 | H9: 2341 | R9: M | S9: Mestizo | T9: Green Card | U9: S | V9: 3
A10: C0110 | B10: Bruce | C10: Rogers | D10: System Engineer | E10: 46 | F10: 377 | G10: 47 | H10: 4256 | R10: M | S10: AfricanAmerican | T10: U.S Citizen | U10: M | V10: 5
A11: C0111 | B11: Mary | C11: Rogers | D11: Executive Secretary | E11: 23.5 | F11: 387 | G11: 52 | H11: 2035 | R11: M | S11: Caucasian | T11: U.S Citizen | U11: M | V11: 2
A12: C0115 | B12: Tom | C12: Smith | D12: Payroll Administrator | E12: 40 | F12: 397 | G12: 57 | H12: 4578 | R12: F | S12: Caucasian | T12: U.S Citizen | U12: S | V12: 2

Sheet Payroll
B1: =Demographics!B1 -> Employee Name | F1: =Demographics!F1 -> Social Security ID | I1: Weekly Payroll Information
A2: =Demographics!A2 -> employeeID | B2: =Demographics!B2 -> firstName | C2: =Demographics!C2 -> last Name | D2: =Demographics!D2 -> Position | E2: =Demographics!E2 -> hrRate | F2: =Demographics!F2 -> firstThree | G2: =Demographics!G2 -> middleTwo | H2: =Demographics!H2 -> lastFour | I2: =Demographics!V2 -> Dependents | J2: =EmployeeHoursEntry!N2 -> hrsWorked | K2: regHours | L2: otHours | M2: regPay | N2: otPay | O2: STATETAX | P2: FEDTAX | Q2: stateTax | R2: fedTax | S2: grossPay | T2: netPay
A3: =Demographics!A3 -> C0101 | B3: =Demographics!B3 -> Terry | C3: =Demographics!C3 -> Baker | D3: =Demographics!D3 -> Sr. SoftwareEngineer | E3: =Demographics!E3 -> 48 | F3: =Demographics!F3 -> 307 | G3: =Demographics!G3 -> 12 | H3: =Demographics!H3 -> 1234 | I3: =Demographics!V3 -> 3 | J3: =EmployeeHoursEntry!N3 -> 50 | K3: =IF((J3>=40),40,J3) -> 40 | L3: =IF(J3>40,(J3-40),0) -> 10 | M3: =K3*E3 -> 1920 | N3: =1.5*E3*L3 -> 720 | O3: 0.056 | P3: 0.079 | Q3: =S3*O3 -> 147.84 | R3: =S3*P3 -> 208.56 | S3: =M3+N3 -> 2640 | T3: =S3-Q3-R3 -> 2283.6
A4: =Demographics!A4 -> C0105 | B4: =Demographics!B4 -> Sue | C4: =Demographics!C4 -> Cox | D4: =Demographics!D4 -> HR Manager | E4: =Demographics!E4 -> 25 | F4: =Demographics!F4 -> 317 | G4: =Demographics!G4 -> 17 | H4: =Demographics!H4 -> 3024 | I4: =Demographics!V4 -> 4 | J4: =EmployeeHoursEntry!N4 -> 30 | K4: =IF((J4>=40),40,J4) -> 30 | L4: =IF(J4>40,(J4-40),0) -> 0 | M4: =K4*E4 -> 750 | N4: =1.5*E4*L4 -> 0 | O4: 0.056 | P4: 0.079 | Q4: =S4*O4 -> 42 | R4: =S4*P4 -> 59.25 | S4: =M4+N4 -> 750 | T4: =S4-Q4-R4 -> 648.75
A5: =Demographics!A5 -> C0109 | B5: =Demographics!B5 -> Dick | C5: =Demographics!C5 -> Jones | D5: =Demographics!D5 -> Test Engineer | E5: =Demographics!E5 -> 37.5 | F5: =Demographics!F5 -> 327 | G5: =Demographics!G5 -> 22 | H5: =Demographics!H5 -> 3184 | I5: =Demographics!V5 -> 2 | J5: =EmployeeHoursEntry!N5 -> 55 | K5: =IF((J5>=40),40,J5) -> 40 | L5: =IF(J5>40,(J5-40),0) -> 15 | M5: =K5*E5 -> 1500 | N5: =1.5*E5*L5 -> 843.75 | O5: 0.056 | P5: 0.079 | Q5: =S5*O5 -> 131.25 | R5: =S5*P5 -> 185.15625 | S5: =M5+N5 -> 2343.75 | T5: =S5-Q5-R5 -> 2027.3438
A6: =Demographics!A6 -> C0108 | B6: =Demographics!B6 -> Phillip | C6: =Demographics!C6 -> Moore | D6: =Demographics!D6 -> Engineering Manager | E6: =Demographics!E6 -> 60 | F6: =Demographics!F6 -> 337 | G6: =Demographics!G6 -> 27 | H6: =Demographics!H6 -> 4295 | I6: =Demographics!V6 -> 1 | J6: =EmployeeHoursEntry!N6 -> 48 | K6: =IF((J6>=40),40,J6) -> 40 | L6: =IF(J6>40,(J6-40),0) -> 8 | M6: =K6*E6 -> 2400 | N6: =1.5*E6*L6 -> 720 | O6: 0.056 | P6: 0.079 | Q6: =S6*O6 -> 174.72 | R6: =S6*P6 -> 246.48 | S6: =M6+N6 -> 3120 | T6: =S6-Q6-R6 -> 2698.8
A7: =Demographics!A7 -> C0102 | B7: =Demographics!B7 -> Melissa | C7: =Demographics!C7 -> Neemah | D7: =Demographics!D7 -> Software Engineer | E7: =Demographics!E7 -> 42 | F7: =Demographics!F7 -> 347 | G7: =Demographics!G7 -> 32 | H7: =Demographics!H7 -> 6743 | I7: =Demographics!V7 -> 8 | J7: =EmployeeHoursEntry!N7 -> 52 | K7: =IF((J7>=40),40,J7) -> 40 | L7: =IF(J7>40,(J7-40),0) -> 12 | M7: =K7*E7 -> 1680 | N7: =1.5*E7*L7 -> 756 | O7: 0.056 | P7: 0.079 | Q7: =S7*O7 -> 136.416 | R7: =S7*P7 -> 192.444 | S7: =M7+N7 -> 2436 | T7: =S7-Q7-R7 -> 2107.14
A8: =Demographics!A8 -> C0103 | B8: =Demographics!B8 -> David | C8: =Demographics!C8 -> Rocheleau | D8: =Demographics!D8 -> Electronic Technician | E8: =Demographics!E8 -> 22.5 | F8: =Demographics!F8 -> 357 | G8: =Demographics!G8 -> 37 | H8: =Demographics!H8 -> 5634 | I8: =Demographics!V8 -> 4 | J8: =EmployeeHoursEntry!N8 -> 40 | K8: =IF((J8>=40),40,J8) -> 40 | L8: =IF(J8>40,(J8-40),0) -> 0 | M8: =K8*E8 -> 900 | N8: =1.5*E8*L8 -> 0 | O8: 0.056 | P8: 0.079 | Q8: =S8*O8 -> 50.4 | R8: =S8*P8 -> 71.1 | S8: =M8+N8 -> 900 | T8: =S8-Q8-R8 -> 778.5
A9: =Demographics!A9 -> C0107 | B9: =Demographics!B9 -> Hector | C9: =Demographics!C9 -> Rodrigues | D9: =Demographics!D9 -> Quality Engineer | E9: =Demographics!E9 -> 39.75 | F9: =Demographics!F9 -> 367 | G9: =Demographics!G9 -> 42 | H9: =Demographics!H9 -> 2341 | I9: =Demographics!V9 -> 3 | J9: =EmployeeHoursEntry!N9 -> 54 | K9: =IF((J9>=40),40,J9) -> 40 | L9: =IF(J9>40,(J9-40),0) -> 14 | M9: =K9*E9 -> 1590 | N9: =1.5*E9*L9 -> 834.75 | O9: 0.056 | P9: 0.079 | Q9: =S9*O9 -> 135.786 | R9: =S9*P9 -> 191.55525 | S9: =M9+N9 -> 2424.75 | T9: =S9-Q9-R9 -> 2097.4088
A10: =Demographics!A10 -> C0110 | B10: =Demographics!B10 -> Bruce | C10: =Demographics!C10 -> Rogers | D10: =Demographics!D10 -> System Engineer | E10: =Demographics!E10 -> 46 | F10: =Demographics!F10 -> 377 | G10: =Demographics!G10 -> 47 | H10: =Demographics!H10 -> 4256 | I10: =Demographics!V10 -> 5 | J10: =EmployeeHoursEntry!N10 -> 45 | K10: =IF((J10>=40),40,J10) -> 40 | L10: =IF(J10>40,(J10-40),0) -> 5 | M10: =K10*E10 -> 1840 | N10: =1.5*E10*L10 -> 345 | O10: 0.056 | P10: 0.079 | Q10: =S10*O10 -> 122.36 | R10: =S10*P10 -> 172.615 | S10: =M10+N10 -> 2185 | T10: =S10-Q10-R10 -> 1890.025
A11: =Demographics!A11 -> C0111 | B11: =Demographics!B11 -> Mary | C11: =Demographics!C11 -> Rogers | D11: =Demographics!D11 -> Executive Secretary | E11: =Demographics!E11 -> 23.5 | F11: =Demographics!F11 -> 387 | G11: =Demographics!G11 -> 52 | H11: =Demographics!H11 -> 2035 | I11: =Demographics!V11 -> 2 | J11: =EmployeeHoursEntry!N11 -> 30 | K11: =IF((J11>=40),40,J11) -> 30 | L11: =IF(J11>40,(J11-40),0) -> 0 | M11: =K11*E11 -> 705 | N11: =1.5*E11*L11 -> 0 | O11: 0.056 | P11: 0.079 | Q11: =S11*O11 -> 39.48 | R11: =S11*P11 -> 55.695 | S11: =M11+N11 -> 705 | T11: =S11-Q11-R11 -> 609.825
A12: =Demographics!A12 -> C0115 | B12: =Demographics!B12 -> Tom | C12: =Demographics!C12 -> Smith | D12: =Demographics!D12 -> Payroll Administrator | E12: =Demographics!E12 -> 40 | F12: =Demographics!F12 -> 397 | G12: =Demographics!G12 -> 57 | H12: =Demographics!H12 -> 4578 | I12: =Demographics!V12 -> 2 | J12: =EmployeeHoursEntry!N12 -> 48 | K12: =IF((J12>=40),40,J12) -> 40 | L12: =IF(J12>40,(J12-40),0) -> 8 | M12: =K12*E12 -> 1600 | N12: =1.5*E12*L12 -> 480 | O12: 0.056 | P12: 0.079 | Q12: =S12*O12 -> 116.48 | R12: =S12*P12 -> 164.32 | S12: =M12+N12 -> 2080 | T12: =S12-Q12-R12 -> 1799.2

Sheet EmployeeHoursEntry
A1: =Demographics!A1 -> 0 | B1: =Demographics!B1 -> Employee Name
A2: =Demographics!A2 -> employeeID | B2: =Demographics!B2 -> firstName | C2: =Demographics!C2 -> last Name | D2: =Demographics!D2 -> Position | E2: Domain | F2: =Demographics!H2 -> lastFour | G2: Sunday | H2: Monday | I2: Tuesday | J2: Wednesday | K2: Thursday | L2: Friday | M2: Saturday | N2: hrsWorked
A3: =Demographics!A3 -> C0101 | B3: =Demographics!B3 -> Terry | C3: =Demographics!C3 -> Baker | D3: =Demographics!D3 -> Sr. SoftwareEngineer | E3: Direct | F3: =Demographics!H3 -> 1234 | G3: 0 | H3: 9 | I3: 9 | J3: 8 | K3: 8 | L3: 8 | M3: 8 | N3: =SUM(G3:M3) -> 50
A4: =Demographics!A4 -> C0105 | B4: =Demographics!B4 -> Sue | C4: =Demographics!C4 -> Cox | D4: =Demographics!D4 -> HR Manager | E4: HR | F4: =Demographics!H4 -> 3024 | G4: 0 | H4: 6 | I4: 6 | J4: 6 | K4: 6 | L4: 6 | M4: 0 | N4: =SUM(G4:M4) -> 30
A5: =Demographics!A5 -> C0109 | B5: =Demographics!B5 -> Dick | C5: =Demographics!C5 -> Jones | D5: =Demographics!D5 -> Test Engineer | E5: Direct | F5: =Demographics!H5 -> 3184 | G5: 0 | H5: 10 | I5: 9 | J5: 9 | K5: 9 | L5: 9 | M5: 9 | N5: =SUM(G5:M5) -> 55
A6: =Demographics!A6 -> C0108 | B6: =Demographics!B6 -> Phillip | C6: =Demographics!C6 -> Moore | D6: =Demographics!D6 -> Engineering Manager | E6: Executive | F6: =Demographics!H6 -> 4295 | G6: 0 | H6: 8 | I6: 8 | J6: 8 | K6: 8 | L6: 8 | M6: 8 | N6: =SUM(G6:M6) -> 48
A7: =Demographics!A7 -> C0102 | B7: =Demographics!B7 -> Melissa | C7: =Demographics!C7 -> Neemah | D7: =Demographics!D7 -> Software Engineer | E7: Direct | F7: =Demographics!H7 -> 6743 | G7: 0 | H7: 9 | I7: 9 | J7: 9 | K7: 9 | L7: 9 | M7: 7 | N7: =SUM(G7:M7) -> 52
A8: =Demographics!A8 -> C0103 | B8: =Demographics!B8 -> David | C8: =Demographics!C8 -> Rocheleau | D8: =Demographics!D8 -> Electronic Technician | E8: Direct | F8: =Demographics!H8 -> 5634 | G8: 0 | H8: 8 | I8: 8 | J8: 8 | K8: 8 | L8: 8 | M8: 0 | N8: =SUM(G8:M8) -> 40
A9: =Demographics!A9 -> C0107 | B9: =Demographics!B9 -> Hector | C9: =Demographics!C9 -> Rodrigues | D9: =Demographics!D9 -> Quality Engineer | E9: Quality | F9: =Demographics!H9 -> 2341 | G9: 0 | H9: 9 | I9: 9 | J9: 9 | K9: 9 | L9: 9 | M9: 9 | N9: =SUM(G9:M9) -> 54
A10: =Demographics!A10 -> C0110 | B10: =Demographics!B10 -> Bruce | C10: =Demographics!C10 -> Rogers | D10: =Demographics!D10 -> System Engineer | E10: Direct | F10: =Demographics!H10 -> 4256 | G10: 0 | H10: 8 | I10: 8 | J10: 8 | K10: 8 | L10: 8 | M10: 5 | N10: =SUM(G10:M10) -> 45
A11: =Demographics!A11 -> C0111 | B11: =Demographics!B11 -> Mary | C11: =Demographics!C11 -> Rogers | D11: =Demographics!D11 -> Executive Secretary | E11: Executive | F11: =Demographics!H11 -> 2035 | G11: 0 | H11: 6 | I11: 6 | J11: 6 | K11: 6 | L11: 6 | M11: 0 | N11: =SUM(G11:M11) -> 30
A12: =Demographics!A12 -> C0115 | B12: =Demographics!B12 -> Tom | C12: =Demographics!C12 -> Smith | D12: =Demographics!D12 -> Payroll Administrator | E12: Payroll | F12: =Demographics!H12 -> 4578 | G12: 0 | H12: 8 | I12: 8 | J12: 8 | K12: 8 | L12: 8 | M12: 8 | N12: =SUM(G12:M12) -> 48
A15: Need to set up condition where only the row applicable to an employee is viewable based upon employeeID and lastFour,
A16: Need to setup a condition where if (Password == EngineeringMgr && Last Four) && (Domain ==Direct)), rows are visible, but lastfour column is hidden

Sheet PayStubInfo
A1: =Payroll!A1 -> 0 | B1: =Payroll!B1 -> Employee Name | C1: =Payroll!C1 -> 0 | D1: =Payroll!D1 -> 0 | E1: =Payroll!E1 -> 0 | F1: =Payroll!F1 -> Social Security ID | G1: =Payroll!G1 -> 0 | H1: =Payroll!H1 -> 0 | I1: =Payroll!#REF! -> #REF! | J1: =Payroll!I1 -> Weekly Payroll Information | K1: =Payroll!K1 -> 0 | L1: =Payroll!L1 -> 0 | M1: =Payroll!M1 -> 0 | N1: =Payroll!N1 -> 0 | O1: =Payroll!O1 -> 0 | P1: =Payroll!P1 -> 0 | Q1: =Payroll!Q1 -> 0 | R1: =Payroll!R1 -> 0 | ... T1: =Payroll!T1 -> 0
A2: =Payroll!A2 -> employeeID | B2: =Payroll!B2 -> firstName | C2: =Payroll!C2 -> last Name | D2: =Payroll!D2 -> Position | E2: =Payroll!E2 -> hrRate | F2: =Payroll!F2 -> firstThree | G2: =Payroll!G2 -> middleTwo | H2: =Payroll!H2 -> lastFour | ... T2: =Payroll!T2 -> netPay
A3: =Payroll!A3 -> C0101 | B3: =Payroll!B3 -> Terry | C3: =Payroll!C3 -> Baker | D3: =Payroll!D3 -> Sr. SoftwareEngineer | E3: =Payroll!E3 -> 48 | F3: =Payroll!F3 -> 307 | G3: =Payroll!G3 -> 12 | H3: =Payroll!H3 -> 1234 | ... T3: =Payroll!T3 -> 2283.6
A4: =Payroll!A4 -> C0105 | B4: =Payroll!B4 -> Sue | C4: =Payroll!C4 -> Cox | D4: =Payroll!D4 -> HR Manager | E4: =Payroll!E4 -> 25 | F4: =Payroll!F4 -> 317 | G4: =Payroll!G4 -> 17 | H4: =Payroll!H4 -> 3024 | ... T4: =Payroll!T4 -> 648.75
A5: =Payroll!A5 -> C0109 | B5: =Payroll!B5 -> Dick | C5: =Payroll!C5 -> Jones | D5: =Payroll!D5 -> Test Engineer | E5: =Payroll!E5 -> 37.5 | F5: =Payroll!F5 -> 327 | G5: =Payroll!G5 -> 22 | H5: =Payroll!H5 -> 3184 | ... T5: =Payroll!T5 -> 2027.3438
A6: =Payroll!A6 -> C0108 | B6: =Payroll!B6 -> Phillip | C6: =Payroll!C6 -> Moore | D6: =Payroll!D6 -> Engineering Manager | E6: =Payroll!E6 -> 60 | F6: =Payroll!F6 -> 337 | G6: =Payroll!G6 -> 27 | H6: =Payroll!H6 -> 4295 | ... T6: =Payroll!T6 -> 2698.8
A7: =Payroll!A7 -> C0102 | B7: =Payroll!B7 -> Melissa | C7: =Payroll!C7 -> Neemah | D7: =Payroll!D7 -> Software Engineer | E7: =Payroll!E7 -> 42 | F7: =Payroll!F7 -> 347 | G7: =Payroll!G7 -> 32 | H7: =Payroll!H7 -> 6743 | ... T7: =Payroll!T7 -> 2107.14
A8: =Payroll!A8 -> C0103 | B8: =Payroll!B8 -> David | C8: =Payroll!C8 -> Rocheleau | D8: =Payroll!D8 -> Electronic Technician | E8: =Payroll!E8 -> 22.5 | F8: =Payroll!F8 -> 357 | G8: =Payroll!G8 -> 37 | H8: =Payroll!H8 -> 5634 | ... T8: =Payroll!T8 -> 778.5
A9: =Payroll!A9 -> C0107 | B9: =Payroll!B9 -> Hector | C9: =Payroll!C9 -> Rodrigues | D9: =Payroll!D9 -> Quality Engineer | E9: =Payroll!E9 -> 39.75 | F9: =Payroll!F9 -> 367 | G9: =Payroll!G9 -> 42 | H9: =Payroll!H9 -> 2341 | ... T9: =Payroll!T9 -> 2097.4088
A10: =Payroll!A10 -> C0110 | B10: =Payroll!B10 -> Bruce | C10: =Payroll!C10 -> Rogers | D10: =Payroll!D10 -> System Engineer | E10: =Payroll!E10 -> 46 | F10: =Payroll!F10 -> 377 | G10: =Payroll!G10 -> 47 | H10: =Payroll!H10 -> 4256 | ... T10: =Payroll!T10 -> 1890.025
A11: =Payroll!A11 -> C0111 | B11: =Payroll!B11 -> Mary | C11: =Payroll!C11 -> Rogers | D11: =Payroll!D11 -> Executive Secretary | E11: =Payroll!E11 -> 23.5 | F11: =Payroll!F11 -> 387 | G11: =Payroll!G11 -> 52 | H11: =Payroll!H11 -> 2035 | ... T11: =Payroll!T11 -> 609.825
A12: =Payroll!A12 -> C0115 | B12: =Payroll!B12 -> Tom | C12: =Payroll!C12 -> Smith | D12: =Payroll!D12 -> Payroll Administrator | E12: =Payroll!E12 -> 40 | F12: =Payroll!F12 -> 397 | G12: =Payroll!G12 -> 57 | H12: =Payroll!H12 -> 4578 | ... T12: =Payroll!T12 -> 1799.2

Sheet SystemReq
A1: RequirementID | B1: Payroll Program Requirements | N1: Req. Type | O1: Allocation | P1: Req. Status | Q1: tcID | R1: Pass/Fail Results
A2: SysRS-1001 | B2: Functional Requirements | N2: Header- NAR | O2: NONE | P2: N/A | Q2: N/A-NAR
A3: SysRS-1002 | B3: Each employee shall have a unique employeeID | N3: Functional | O3: DataBase | P3: Draft | Q3: TS-D1202
A4: SysRS-1003 | B4: Each employee firstName and lastName shall be associated employeeID | N4: Functional | O4: DataBase | P4: Draft | Q4: TS-D1202
A5: SysRS-1004 | B5: Each employee number of dependents shall be included in the payroll information and associated with the employeeID | N5: Functional | O5: DataBase | P5: Draft | Q5: TS-D1202
A6: SysRS-1005 | B6: Each Employee shall log hours worked per day in the Employee Hours Entry Portal. | N6: Functional | O6: DataBase | P6: Draft | Q6: TS-D1203
A7: SysRS-1006 | B7: Weekly pay system shall be implemented | N7: Functional | O7: DataBase | P7: Draft | Q7: TS-D1203
A8: SysRS-1007 | B8: A work week shall begin on Sunday and end on Saturday. | N8: Functional | O8: DataBase | P8: Draft | Q8: TS-D1203
A9: SysRS-1008 | B9: Per employee, any hours over 40 hours worked shall be considered overtime hours (otHours). | N9: Functional | O9: DataBase | P9: Draft | Q9: TS-D1204
A10: SysRS-1009 | B10: Per employee, grossPay income shall be calculate based upon number of (regHours worked * employee hourly rate) + (otHours worked *1.5*employeeHR) | N10: Functional | O10: DataBase | P10: Draft | Q10: TS-D1204
A11: SysRS-1010 | B11: Per employee, otPay shall be calculated only on hours worked over 40 hours regular time and based upon (1.5* otHours * employee hourly rate). | N11: Functional | O11: DataBase | P11: Draft | Q11: TS-D1204
A12: SysRS-1011 | B12: FEDTAX rate shall be fixed at 7.9% | N12: Functional | O12: DataBase | P12: Draft | Q12: TS-D1204
A13: SysRS-1012 | B13: STATETAX rate shall be fixed at 5.6% | N13: Functional | O13: DataBase | P13: Draft | Q13: TS-D1204
... A35: SysRS-1054 | B35: Variable and Constant names shall match with correlating database attributes and entities.. | N35: Non-Functional | O35: Database, Software | P35: Draft | Q35: TS-D1201 - DB Syntax; TC-1001 - SW Syntax

Sheet DATA
A1: Status | B1: tcID | C1: Pass/Fail
A2: N/A | B2: N/A-NAR | C2: PASS
A3: Draft | B3: TC-1001 - SW Syntax | C3: Pass w/ Condition
A4: Review | B4: TC-1002 | C4: Fail
A5: ConditionallyApproved | B5: TC-1003
A6: Approved | B6: TC-1004
A7: Released | B7: TC-1005
B8: TC-1006
B9: TC-1007
B10: TC-1008
B11: TC-1009
B12: TC-1010
B13: TC-S1101- Payroll ADMIN Access
B14: TC-S1102- HR Access
B15: TC-S1103 - Employee Access
B16: TC-S1104- EngMgr Access
B17: TS-A1105
B18: TS-D1201 - DB Syntax; TC-1001 - SW Syntax
B19: TS-D1201 - DB Syntax;
... B32: TS-P1305

Sheet SwReq
A1: RequirementID | B1: Payroll Program Requirements | N1: Req. Type | O1: Allocation | P1: tcID | Q1: Pass/Fail Results
A2: SwRS--0001 | B2: Camel Case shall be used in the naming convention of variables.
A3: SwRS--0002 | B3: Bolded names in the requirements indicate required Variables, constants, and module names
A4: SwRS--0003 | B4: Constants shall be ALL CAPS without spacing or underscores
A5: SwRS--0004 | B5: Variable and Constant names shall match with correlating database attributes and entities..

Sheet TestCasesList
A1: tcID | B1: Test Definition
A2: N/A-NAR
A3: TC-1001 - SW Syntax
A4: TC-1002
A5: TC-1003
A6: TC-1004
A7: TC-1005
A8: TC-1006
A9: TC-1007
A10: TC-1008
A11: TC-1009
A12: TC-1010
A13: TC-S1101- Payroll ADMIN Access
... A32: TS-P1305

Sheet Metrics

Sheet TC1001
A1: T

Sheet TC1002

Sheet TC1003
A1: TC3

Sheet TC1004

Sheet TS1005

Sheet TC1006

Sheet TC1007

Sheet TC1008

Sheet TC1009

Sheet TC1010
