Workbook

Sheet Demographics
B1: Employee Name | G1: Social Security ID | J1: Birthday | M1: Employment
A2: EmployeeID | B2: First Name | C2: Middle I | D2: Last Name | E2: Position | F2: Hourly Rate | G2: FirstThree | H2: MiddleTwo | I2: LastFour | J2: Month | K2: Day | L2: Year | M2: StartMonth | N2: StartDay | O2: StartYear | P2: EndMonth | Q2: EndDay | R2: EndYear | S2: SEX | T2: Race | U2: Citizen Status | V2: Marital Status | W2: Dependents
A3: C0101 | B3: Terry | C3: A | D3: Baker | E3: Hardware Engineer | F3: 48 | G3: 307 | H3: 12 | I3: 1234 | S3: F | T3: AfricanAmerican | U3: U.S Citizen | W3: 3
A4: C0105 | B4: Sue | C4: J | D4: Cox | E4: HR Generalist | F4: 25 | G4: 317 | H4: 17 | I4: 3024 | S4: F | T4: Caucasian | U4: U.S Citizen | W4: 4
A5: C0109 | B5: Dick | C5: B | D5: Jones | E5: Test Engineer | F5: 37.5 | G5: 327 | H5: 22 | I5: 3184 | S5: M | T5: Caucasian | U5: U.S Citizen | W5: 2
A6: C0108 | B6: Phillip | C6: L | D6: Moore | E6: Engineering Manager | F6: 60 | G6: 337 | H6: 27 | I6: 4295 | S6: M | T6: AfricanAmerican | U6: U.S Citizen | W6: 1
A7: C0102 | B7: Melissa | C7: L | D7: Neemah | E7: Softwae Engineer | F7: 45 | G7: 347 | H7: 32 | I7: 6743 | S7: F | T7: Caucasian | U7: U.S Citizen | W7: 8
A8: C0103 | B8: David | C8: W | D8: Rocheleau | E8: Electronic Technician | F8: 22.5 | G8: 357 | H8: 37 | I8: 5634 | S8: M | T8: Caucasian | U8: H1 Visa | W8: 4
A9: C0107 | B9: Hector | C9: H | D9: Rodrigues | E9: Quality Engineer | F9: 39.75 | G9: 367 | H9: 42 | I9: 2341 | S9: M | T9: Mestizo | U9: Green Card | W9: 3
A10: C0110 | B10: Bruce | C10: C | D10: Rogers | E10: System Engineer | F10: 46 | G10: 377 | H10: 47 | I10: 4256 | S10: M | T10: AfricanAmerican | U10: U.S Citizen | W10: 5
A11: C0111 | B11: Mary | C11: E | D11: Rogers | E11: Executive Secretary | F11: 23.5 | G11: 387 | H11: 52 | I11: 2035 | S11: M | T11: Caucasian | U11: U.S Citizen | W11: 2
A12: C0115 | B12: Tom | C12: A | D12: Smith | E12: Building Maintenance | F12: 25 | G12: 397 | H12: 57 | I12: 4578 | S12: F | T12: Caucasian | U12: U.S Citizen | W12: 2

Sheet Payroll
B1: =Demographics!B1 -> Employee Name | G1: =Demographics!G1 -> Social Security ID
A2: =Demographics!A2 -> EmployeeID | B2: =Demographics!B2 -> First Name | C2: =Demographics!C2 -> Middle I | D2: =Demographics!D2 -> Last Name | E2: =Demographics!E2 -> Position | F2: =Demographics!F2 -> Hourly Rate | G2: =Demographics!G2 -> FirstThree | H2: =Demographics!H2 -> MiddleTwo | I2: =Demographics!I2 -> LastFour | J2: =Demographics!W2 -> Dependents | K2: RegularTime | L2: OT
A3: =Demographics!A3 -> C0101 | B3: =Demographics!B3 -> Terry | C3: =Demographics!C3 -> A | D3: =Demographics!D3 -> Baker | E3: =Demographics!E3 -> Hardware Engineer | F3: =Demographics!F3 -> 48 | G3: =Demographics!G3 -> 307 | H3: =Demographics!H3 -> 12 | I3: =Demographics!I3 -> 1234 | J3: =Demographics!W3 -> 3
A4: =Demographics!A4 -> C0105 | B4: =Demographics!B4 -> Sue | C4: =Demographics!C4 -> J | D4: =Demographics!D4 -> Cox | E4: =Demographics!E4 -> HR Generalist | F4: =Demographics!F4 -> 25 | G4: =Demographics!G4 -> 317 | H4: =Demographics!H4 -> 17 | I4: =Demographics!I4 -> 3024 | J4: =Demographics!W4 -> 4
A5: =Demographics!A5 -> C0109 | B5: =Demographics!B5 -> Dick | C5: =Demographics!C5 -> B | D5: =Demographics!D5 -> Jones | E5: =Demographics!E5 -> Test Engineer | F5: =Demographics!F5 -> 37.5 | G5: =Demographics!G5 -> 327 | H5: =Demographics!H5 -> 22 | I5: =Demographics!I5 -> 3184 | J5: =Demographics!W5 -> 2
A6: =Demographics!A6 -> C0108 | B6: =Demographics!B6 -> Phillip | C6: =Demographics!C6 -> L | D6: =Demographics!D6 -> Moore | E6: =Demographics!E6 -> Engineering Manager | F6: =Demographics!F6 -> 60 | G6: =Demographics!G6 -> 337 | H6: =Demographics!H6 -> 27 | I6: =Demographics!I6 -> 4295 | J6: =Demographics!W6 -> 1
A7: =Demographics!A7 -> C0102 | B7: =Demographics!B7 -> Melissa | C7: =Demographics!C7 -> L | D7: =Demographics!D7 -> Neemah | E7: =Demographics!E7 -> Softwae Engineer | F7: =Demographics!F7 -> 45 | G7: =Demographics!G7 -> 347 | H7: =Demographics!H7 -> 32 | I7: =Demographics!I7 -> 6743 | J7: =Demographics!W7 -> 8
A8: =Demographics!A8 -> C0103 | B8: =Demographics!B8 -> David | C8: =Demographics!C8 -> W | D8: =Demographics!D8 -> Rocheleau | E8: =Demographics!E8 -> Electronic Technician | F8: =Demographics!F8 -> 22.5 | G8: =Demographics!G8 -> 357 | H8: =Demographics!H8 -> 37 | I8: =Demographics!I8 -> 5634 | J8: =Demographics!W8 -> 4
A9: =Demographics!A9 -> C0107 | B9: =Demographics!B9 -> Hector | C9: =Demographics!C9 -> H | D9: =Demographics!D9 -> Rodrigues | E9: =Demographics!E9 -> Quality Engineer | F9: =Demographics!F9 -> 39.75 | G9: =Demographics!G9 -> 367 | H9: =Demographics!H9 -> 42 | I9: =Demographics!I9 -> 2341 | J9: =Demographics!W9 -> 3
A10: =Demographics!A10 -> C0110 | B10: =Demographics!B10 -> Bruce | C10: =Demographics!C10 -> C | D10: =Demographics!D10 -> Rogers | E10: =Demographics!E10 -> System Engineer | F10: =Demographics!F10 -> 46 | G10: =Demographics!G10 -> 377 | H10: =Demographics!H10 -> 47 | I10: =Demographics!I10 -> 4256 | J10: =Demographics!W10 -> 5
A11: =Demographics!A11 -> C0111 | B11: =Demographics!B11 -> Mary | C11: =Demographics!C11 -> E | D11: =Demographics!D11 -> Rogers | E11: =Demographics!E11 -> Executive Secretary | F11: =Demographics!F11 -> 23.5 | G11: =Demographics!G11 -> 387 | H11: =Demographics!H11 -> 52 | I11: =Demographics!I11 -> 2035 | J11: =Demographics!W11 -> 2
A12: =Demographics!A12 -> C0115 | B12: =Demographics!B12 -> Tom | C12: =Demographics!C12 -> A | D12: =Demographics!D12 -> Smith | E12: =Demographics!E12 -> Building Maintenance | F12: =Demographics!F12 -> 25 | G12: =Demographics!G12 -> 397 | H12: =Demographics!H12 -> 57 | I12: =Demographics!I12 -> 4578 | J12: =Demographics!W12 -> 2

Sheet TestCasesList
A1: T

Sheet Requireents
A1: Tes

Sheet Traceability

Sheet TC1
A1: T

Sheet TC2

Sheet TC3
A1: TC3

Sheet TC4

Sheet TS5

Sheet TC6

Sheet TC7

Sheet TC8

Sheet TC9

Sheet TC10
